2781,a01
2781,a02
2781,a03
2781,a04
2781,a05
2781,a06
2781,a07
2781,a08
2781,a09
2781,b02
2781,b03
2781,b04
2781,b05
2781,b06
2781,b07
2781,b08
2781,b09
1672,a01
1672,a02
1672,a03
1672,a04
1672,a05
1672,a06
1672,a07
1672,a08
1672,a09
1672,b02
1672,b03
1672,b04
1672,b05
1672,b06
1672,b07
1672,b08
1672,b09
1620,a01
1620,a02
1620,a03
1620,a04
1620,a05
1620,a06
1620,a07
1620,a08
1620,a09
1620,b02
1620,b03
1620,b04
1620,b05
1620,b06
1620,b07
1620,b08
1620,b09
1621,a01
1621,a02
1621,a03
1621,a04
1621,a05
1621,a06
1621,a07
1621,a08
1621,a09
1621,b02
1621,b03
1621,b04
1621,b05
1621,b06
1621,b07
1621,b08
1621,b09
5312,a01
5312,a02
5312,a03
5312,a04
5312,a05
5312,a06
5312,a07
5312,a08
5312,a09
5312,b01
5312,b04
5312,b05
5312,b06
5312,b07
5312,b08
5312,b09
3512,a01
3512,a02
3512,a03
3512,a04
3512,a05
3512,a06
3512,a07
3512,a08
3512,a09
3512,b01
3512,b02
3512,b03
3512,b04
3512,b05
3512,b06
3512,b07
3512,b08
3512,b09
3510,a01
3510,a02
3510,a03
3510,a04
3510,a05
3510,a06
3510,a07
3510,a08
3510,a09
3510,b01
3510,b02
3510,b03
3510,b04
3510,b05
3510,b06
3510,b07
3510,b08
3510,b09
3511,a01
3511,a02
3511,a03
3511,a04
3511,a05
3511,a06
3511,a07
3511,a08
3511,a09
3511,b01
3511,b02
3511,b03
3511,b04
3511,b05
3511,b06
3511,b07
3511,b08
3511,b09
3465,a01
3465,a02
3465,a03
3465,a04
3465,a05
3465,a06
3465,a07
3465,a08
3465,a09
3465,b01
3465,b02
3465,b03
3465,b04
3465,b05
3465,b06
3465,b07
3465,b08
3465,b09
3471,a01
3471,a02
3471,a03
3471,a04
3471,a05
3471,a06
3471,a07
3471,a08
3471,a09
3471,b01
3471,b02
3471,b03
3471,b04
3471,b05
3471,b06
3471,b07
3471,b08
3471,b09
3514,a01
3514,a02
3514,a03
3514,a04
3514,a05
3514,a06
3514,a07
3514,a08
3514,a09
3514,b01
3514,b02
3514,b03
3514,b04
3514,b05
3514,b06
3514,b07
3514,b08
3514,b09
3513,a01
3513,a02
3513,a03
3513,a04
3513,a05
3513,a06
3513,a07
3513,a08
3513,a09
3513,b01
3513,b02
3513,b03
3513,b04
3513,b05
3513,b06
3513,b07
3513,b08
3513,b09
5017,a01
5017,a02
5017,a03
5017,a04
5017,a05
5017,a06
5017,a07
5017,b01
5017,b04
5017,b05
5017,b06
5017,b07
5017,b08
5017,b09
5037,a01
5037,a02
5037,a03
5037,a04
5037,a05
5037,a06
5037,a07
5037,b01
5037,b04
5037,b05
5037,b06
5037,b07
5037,b08
5037,b09
1981,a01
1981,a02
1981,a03
1981,a04
1981,a05
1981,a06
1981,a07
1981,a08
1981,a09
1981,b01
1981,b02
1981,b03
1981,b04
1981,b05
1981,b06
1981,b07
1981,b08
1981,b09
3461,a01
3461,a02
3461,a03
3461,a04
3461,a05
3461,a06
3461,a07
3461,a08
3461,a09
3461,b01
3461,b02
3461,b03
3461,b04
3461,b05
3461,b06
3461,b07
3461,b08
3461,b09
1971,a01
1971,a02
1971,a03
1971,a04
1971,a05
1971,a06
1971,a07
1971,a08
1971,a09
1971,b01
1971,b02
1971,b03
1971,b04
1971,b05
1971,b06
1971,b07
1971,b08
1971,b09
3457,a01
3457,a02
3457,a03
3457,a04
3457,a05
3457,a06
3457,a07
3457,a08
3457,a09
3457,b01
3457,b02
3457,b03
3457,b04
3457,b05
3457,b06
3457,b07
3457,b08
3457,b09
1859,a01
1859,a02
1859,a03
1859,a04
1859,a05
1859,a06
1859,a07
1859,a08
1859,a09
1859,b01
1859,b02
1859,b03
1859,b04
1859,b05
1859,b06
1859,b07
1859,b08
1859,b09
1855,a01
1855,a02
1855,a03
1855,a04
1855,a05
1855,a06
1855,a07
1855,a08
1855,a09
1855,b01
1855,b02
1855,b03
1855,b04
1855,b05
1855,b06
1855,b07
1855,b08
1855,b09
1932,a01
1932,a02
1932,a03
1932,a04
1932,a05
1932,a06
1932,a07
1932,a08
1932,a09
1932,b01
1932,b02
1932,b03
1932,b04
1932,b05
1932,b06
1932,b07
1932,b08
1932,b09
1913,a01
1913,a02
1913,a03
1913,a04
1913,a05
1913,a06
1913,a07
1913,a08
1913,a09
1913,b01
1913,b02
1913,b03
1913,b04
1913,b05
1913,b06
1913,b07
1913,b08
1913,b09